angle_deg,voxel_idx,hard_quality,diff_quality_s0,diff_quality_s1,diff_quality_s2,diff_quality_s2_oblend
0.0000,43,0.835616,0.871774,0.843066,0.767612,0.778511
0.5000,43,0.276148,0.308101,0.396584,0.418605,0.735399
1.0000,43,0.059833,0.073710,0.128117,0.183970,0.625877
1.5000,43,0.028117,0.041091,0.070925,0.121332,0.400867
2.0000,43,0.017223,0.030926,0.052345,0.098500,0.276666
2.5000,43,0.004324,0.015646,0.036985,0.074753,0.248693
3.0000,43,0.009589,0.021408,0.049393,0.077429,0.215935
3.5000,43,0.008521,0.016789,0.050883,0.077472,0.209913
4.0000,43,0.004417,0.009591,0.043283,0.077241,0.204448
4.5000,43,0.010893,0.017577,0.041268,0.081091,0.230703
5.0000,43,0.005917,0.013172,0.034191,0.066039,0.226387
5.5000,43,0.006429,0.019293,0.039902,0.080619,0.213743
6.0000,43,0.003819,0.013542,0.030102,0.066101,0.197615
6.5000,43,0.004408,0.011190,0.032482,0.053607,0.168515
7.0000,43,0.004138,0.014455,0.032400,0.050232,0.154543
7.5000,43,0.005826,0.015936,0.028542,0.046467,0.148287
8.0000,43,0.001653,0.006710,0.019991,0.039129,0.180223
8.5000,43,0.004232,0.008999,0.024034,0.049767,0.187246
9.0000,43,0.000997,0.011011,0.027287,0.056919,0.202259
9.5000,43,0.012547,0.027220,0.061685,0.084763,0.194006
10.0000,43,0.007518,0.029024,0.053728,0.088132,0.187123
10.5000,43,0.007953,0.022203,0.053193,0.080359,0.185069
11.0000,43,0.011124,0.021808,0.040830,0.068579,0.188194
11.5000,43,0.008717,0.016660,0.030994,0.065909,0.193616
12.0000,43,0.011611,0.021765,0.048881,0.076482,0.187002
12.5000,43,0.008259,0.019137,0.051459,0.095054,0.200843
13.0000,43,0.006204,0.017724,0.036660,0.082954,0.175273
13.5000,43,0.004858,0.017854,0.032385,0.064638,0.160770
14.0000,43,0.003888,0.013768,0.027220,0.054784,0.157144
14.5000,43,0.001584,0.005882,0.014891,0.039451,0.149211
15.0000,43,0.002507,0.012311,0.024787,0.047743,0.155147
0.0000,58,0.876812,0.872330,0.846308,0.768025,0.784853
0.5000,58,0.263243,0.312452,0.427803,0.464195,0.749075
1.0000,58,0.039551,0.053616,0.108193,0.180159,0.632974
1.5000,58,0.020740,0.033497,0.066330,0.111169,0.454312
2.0000,58,0.010868,0.021862,0.053501,0.095154,0.282839
2.5000,58,0.003232,0.011597,0.036558,0.085950,0.239939
3.0000,58,0.005941,0.015859,0.043301,0.082796,0.219794
3.5000,58,0.009288,0.020656,0.046627,0.080875,0.204839
4.0000,58,0.007563,0.015629,0.037571,0.075478,0.205578
4.5000,58,0.008080,0.021167,0.047603,0.073673,0.193070
5.0000,58,0.008812,0.023356,0.047744,0.069308,0.193781
5.5000,58,0.007925,0.022467,0.038303,0.060229,0.184778
6.0000,58,0.006499,0.016501,0.039906,0.059871,0.179199
6.5000,58,0.004328,0.015499,0.034848,0.062537,0.187498
7.0000,58,0.005386,0.016592,0.034533,0.067256,0.187352
7.5000,58,0.011098,0.030156,0.050650,0.078617,0.183680
8.0000,58,0.008233,0.014846,0.036559,0.067884,0.177061
8.5000,58,0.004806,0.012021,0.034124,0.056494,0.184605
9.0000,58,0.008415,0.020466,0.037156,0.065155,0.186481
9.5000,58,0.014488,0.028294,0.046063,0.077033,0.177909
10.0000,58,0.008532,0.019515,0.041594,0.071323,0.179607
10.5000,58,0.002926,0.014239,0.035240,0.062704,0.180410
11.0000,58,0.009819,0.020939,0.040719,0.065106,0.181336
11.5000,58,0.006993,0.015245,0.037734,0.057950,0.183911
12.0000,58,0.000269,0.007602,0.020249,0.049784,0.178497
12.5000,58,0.000293,0.005214,0.020612,0.051650,0.168480
13.0000,58,0.004553,0.013037,0.036285,0.062929,0.154736
13.5000,58,0.000784,0.005903,0.026314,0.048476,0.151370
14.0000,58,0.000163,0.002956,0.022640,0.049414,0.146297
14.5000,58,0.004113,0.008747,0.022643,0.041891,0.154165
15.0000,58,0.002673,0.012109,0.028979,0.057182,0.158422
0.0000,80,0.888889,0.831569,0.848450,0.781103,0.808303
0.5000,80,0.255287,0.280707,0.424991,0.465970,0.731683
1.0000,80,0.047493,0.059004,0.124676,0.206291,0.623232
1.5000,80,0.020312,0.029806,0.065260,0.111729,0.444888
2.0000,80,0.008978,0.018642,0.039751,0.078831,0.284397
2.5000,80,0.005483,0.015176,0.034049,0.063943,0.228683
3.0000,80,0.008313,0.015245,0.030358,0.056686,0.209461
3.5000,80,0.006123,0.015016,0.028952,0.058220,0.189633
4.0000,80,0.008177,0.014683,0.034966,0.065781,0.182591
4.5000,80,0.005660,0.008540,0.041294,0.073706,0.183851
5.0000,80,0.008679,0.018499,0.044380,0.088612,0.179901
5.5000,80,0.003718,0.007411,0.026314,0.065312,0.175989
6.0000,80,0.004380,0.013475,0.032555,0.074347,0.177728
6.5000,80,0.006346,0.017843,0.044323,0.076193,0.192273
7.0000,80,0.007076,0.019231,0.040874,0.063023,0.195717
7.5000,80,0.008103,0.020727,0.041427,0.076654,0.183311
8.0000,80,0.006949,0.013789,0.031286,0.061777,0.176537
8.5000,80,0.004149,0.006775,0.022742,0.044238,0.163712
9.0000,80,0.006099,0.008220,0.029002,0.054896,0.152836
9.5000,80,0.004209,0.012463,0.034145,0.069821,0.161435
10.0000,80,0.003800,0.013222,0.038399,0.071088,0.168952
10.5000,80,0.007763,0.020410,0.036896,0.063880,0.176322
11.0000,80,0.003342,0.012550,0.033493,0.059861,0.168171
11.5000,80,0.002477,0.004454,0.021774,0.043491,0.152250
12.0000,80,0.002047,0.018059,0.032867,0.056768,0.153367
12.5000,80,0.002440,0.019803,0.042683,0.063081,0.165467
13.0000,80,0.003123,0.015865,0.031968,0.052816,0.177403
13.5000,80,0.003344,0.010660,0.026910,0.044526,0.172709
14.0000,80,0.004359,0.009056,0.033111,0.065723,0.167466
14.5000,80,0.001155,0.002813,0.018834,0.053795,0.171069
15.0000,80,0.009732,0.014629,0.031481,0.064199,0.172997
0.0000,115,0.873239,0.839698,0.865299,0.785737,0.809988
0.5000,115,0.331636,0.362653,0.461995,0.483079,0.778027
1.0000,115,0.060211,0.069119,0.130576,0.186773,0.660016
1.5000,115,0.030627,0.035156,0.076561,0.122729,0.444036
2.0000,115,0.018241,0.027463,0.048931,0.101289,0.290214
2.5000,115,0.017789,0.025281,0.051534,0.086384,0.246967
3.0000,115,0.008259,0.019247,0.036618,0.063859,0.240924
3.5000,115,0.011252,0.027156,0.047857,0.078930,0.241364
4.0000,115,0.008885,0.021219,0.048368,0.085339,0.205810
4.5000,115,0.009192,0.019460,0.055664,0.083874,0.206271
5.0000,115,0.006448,0.024504,0.048369,0.060010,0.203511
5.5000,115,0.004178,0.011420,0.036579,0.061813,0.196019
6.0000,115,0.005535,0.015693,0.036593,0.067199,0.192713
6.5000,115,0.002399,0.007566,0.023602,0.060456,0.180512
7.0000,115,0.003348,0.010672,0.019300,0.052191,0.177883
7.5000,115,0.008561,0.016048,0.031429,0.070841,0.172966
8.0000,115,0.002732,0.006630,0.027619,0.062242,0.194540
8.5000,115,0.004268,0.009310,0.034136,0.066068,0.196844
9.0000,115,0.005175,0.016228,0.030582,0.064702,0.188770
9.5000,115,0.005815,0.014095,0.030678,0.067845,0.198301
10.0000,115,0.005697,0.023301,0.043153,0.073464,0.196421
10.5000,115,0.005990,0.013790,0.032422,0.065622,0.182531
11.0000,115,0.004478,0.012491,0.035704,0.069251,0.183539
11.5000,115,0.004265,0.010278,0.032020,0.058116,0.174116
12.0000,115,0.005423,0.008790,0.031623,0.060790,0.180542
12.5000,115,0.007177,0.020060,0.043870,0.076524,0.183145
13.0000,115,0.010609,0.016655,0.041743,0.072340,0.209080
13.5000,115,0.006844,0.015418,0.044416,0.083023,0.208227
14.0000,115,0.009010,0.022349,0.053092,0.087438,0.215654
14.5000,115,0.001268,0.011349,0.036142,0.073180,0.210795
15.0000,115,0.004518,0.007916,0.035456,0.076778,0.211912
0.0000,146,0.714286,0.788683,0.753752,0.689789,0.704201
0.5000,146,0.312764,0.379513,0.426541,0.439585,0.665551
1.0000,146,0.084496,0.114433,0.169169,0.206400,0.584400
1.5000,146,0.029657,0.050646,0.083351,0.114837,0.417719
2.0000,146,0.023749,0.040023,0.068846,0.101305,0.293142
2.5000,146,0.017506,0.026174,0.057611,0.085036,0.238475
3.0000,146,0.012100,0.014392,0.042775,0.066548,0.250333
3.5000,146,0.019509,0.029397,0.053371,0.082691,0.238844
4.0000,146,0.012221,0.019144,0.051033,0.080778,0.228358
4.5000,146,0.011182,0.024141,0.050490,0.082131,0.210560
5.0000,146,0.009674,0.020524,0.039021,0.069728,0.192985
5.5000,146,0.006445,0.019170,0.029737,0.055719,0.183658
6.0000,146,0.005167,0.016350,0.028709,0.053080,0.187527
6.5000,146,0.004642,0.010057,0.022888,0.060614,0.177459
7.0000,146,0.005178,0.012092,0.027418,0.073241,0.175600
7.5000,146,0.003317,0.009516,0.024482,0.069864,0.186313
8.0000,146,0.001376,0.006540,0.033739,0.057061,0.213052
8.5000,146,0.002124,0.012026,0.041829,0.062240,0.208557
9.0000,146,0.002057,0.009013,0.037786,0.058904,0.189695
9.5000,146,0.002540,0.019570,0.046070,0.077603,0.187178
10.0000,146,0.004386,0.016797,0.047599,0.071029,0.193835
10.5000,146,0.004781,0.018301,0.042369,0.066178,0.201450
11.0000,146,0.006500,0.018597,0.035435,0.071086,0.204963
11.5000,146,0.006665,0.020855,0.037326,0.071812,0.178535
12.0000,146,0.006116,0.013496,0.032206,0.064055,0.175499
12.5000,146,0.007924,0.014577,0.040687,0.066205,0.171791
13.0000,146,0.008845,0.018711,0.043756,0.069089,0.171295
13.5000,146,0.009992,0.018556,0.038313,0.061481,0.174544
14.0000,146,0.008164,0.024120,0.043495,0.070527,0.164354
14.5000,146,0.013955,0.027080,0.045489,0.074755,0.174006
15.0000,146,0.012246,0.029568,0.046046,0.069500,0.162591
0.0000,167,0.831081,0.849574,0.812918,0.760130,0.790346
0.5000,167,0.291269,0.341066,0.432220,0.454779,0.737470
1.0000,167,0.051963,0.069506,0.141073,0.217201,0.627005
1.5000,167,0.035196,0.045000,0.098536,0.175510,0.444892
2.0000,167,0.015622,0.024565,0.054147,0.112817,0.307795
2.5000,167,0.012318,0.019734,0.044440,0.084289,0.273266
3.0000,167,0.017577,0.026021,0.047644,0.089607,0.236156
3.5000,167,0.017857,0.026772,0.047458,0.085795,0.217409
4.0000,167,0.009668,0.018209,0.039756,0.077032,0.214904
4.5000,167,0.014652,0.022527,0.040587,0.070204,0.209629
5.0000,167,0.012151,0.021932,0.049792,0.088328,0.197550
5.5000,167,0.008988,0.015183,0.040487,0.091048,0.186430
6.0000,167,0.008084,0.018054,0.037377,0.075921,0.191836
6.5000,167,0.017874,0.029627,0.053074,0.076770,0.199609
7.0000,167,0.011388,0.024848,0.048092,0.074427,0.211619
7.5000,167,0.012808,0.027625,0.047705,0.084923,0.203829
8.0000,167,0.015195,0.027623,0.062580,0.092975,0.197960
8.5000,167,0.013504,0.029994,0.056539,0.088772,0.188899
9.0000,167,0.007233,0.009359,0.025795,0.063222,0.190581
9.5000,167,0.009582,0.014777,0.035280,0.059619,0.188235
10.0000,167,0.011010,0.018404,0.042945,0.075831,0.196043
10.5000,167,0.012303,0.018033,0.042263,0.073877,0.195634
11.0000,167,0.013753,0.022150,0.049290,0.091520,0.199536
11.5000,167,0.008491,0.013677,0.045197,0.085561,0.203762
12.0000,167,0.011519,0.020124,0.046741,0.077471,0.208123
12.5000,167,0.014152,0.031150,0.050402,0.084352,0.217940
13.0000,167,0.007319,0.022803,0.053284,0.092158,0.213355
13.5000,167,0.008703,0.022112,0.052370,0.097095,0.218179
14.0000,167,0.011513,0.025329,0.048880,0.089121,0.217818
14.5000,167,0.014421,0.022961,0.053461,0.078758,0.220638
15.0000,167,0.014475,0.029540,0.055593,0.075845,0.222483
0.0000,168,0.831081,0.830501,0.809079,0.765761,0.795243
0.5000,168,0.290798,0.327248,0.430597,0.456476,0.735201
1.0000,168,0.055207,0.082306,0.151538,0.222625,0.622250
1.5000,168,0.038708,0.058211,0.109439,0.174528,0.442103
2.0000,168,0.016138,0.027855,0.052694,0.111894,0.308807
2.5000,168,0.011555,0.018059,0.040780,0.079227,0.268968
3.0000,168,0.014668,0.025829,0.050431,0.084480,0.228619
3.5000,168,0.015185,0.020696,0.045937,0.083524,0.212336
4.0000,168,0.010452,0.018492,0.037716,0.076349,0.215834
4.5000,168,0.010493,0.020499,0.042150,0.070395,0.202848
5.0000,168,0.015120,0.019801,0.047723,0.087520,0.191705
5.5000,168,0.009047,0.018156,0.045892,0.089759,0.182233
6.0000,168,0.008214,0.019110,0.042171,0.075988,0.189281
6.5000,168,0.021141,0.032185,0.052163,0.072323,0.196678
7.0000,168,0.011910,0.027487,0.047262,0.072213,0.204675
7.5000,168,0.011634,0.028391,0.049872,0.080880,0.194904
8.0000,168,0.011813,0.020188,0.059130,0.094216,0.197881
8.5000,168,0.012851,0.031555,0.055219,0.088803,0.198182
9.0000,168,0.009094,0.012883,0.030387,0.068538,0.196181
9.5000,168,0.012131,0.017880,0.040594,0.064694,0.191681
10.0000,168,0.011200,0.019955,0.044366,0.076264,0.194337
10.5000,168,0.010058,0.022072,0.038395,0.072525,0.196885
11.0000,168,0.012712,0.025040,0.049802,0.090027,0.206889
11.5000,168,0.007015,0.014614,0.050579,0.087020,0.212141
12.0000,168,0.011684,0.021270,0.055464,0.084551,0.213129
12.5000,168,0.014186,0.037033,0.054304,0.086813,0.222064
13.0000,168,0.010842,0.025291,0.051010,0.089774,0.213130
13.5000,168,0.008336,0.025882,0.053433,0.099072,0.219804
14.0000,168,0.008496,0.023901,0.050197,0.091142,0.215709
14.5000,168,0.013300,0.028426,0.049089,0.077207,0.221024
15.0000,168,0.016962,0.026860,0.049932,0.072674,0.217214
0.0000,177,0.864865,0.861755,0.864878,0.788033,0.809432
0.5000,177,0.270577,0.310122,0.432573,0.453654,0.763085
1.0000,177,0.056367,0.076916,0.125670,0.189815,0.665003
1.5000,177,0.033151,0.046462,0.079840,0.123256,0.440772
2.0000,177,0.009548,0.012926,0.039814,0.092209,0.283981
2.5000,177,0.013343,0.016131,0.036608,0.071476,0.233206
3.0000,177,0.015301,0.029390,0.048585,0.079797,0.211858
3.5000,177,0.011116,0.028584,0.046751,0.081397,0.195183
4.0000,177,0.006856,0.008376,0.028303,0.061899,0.171773
4.5000,177,0.010879,0.016830,0.040161,0.064762,0.167794
5.0000,177,0.007827,0.010913,0.029747,0.048919,0.168075
5.5000,177,0.006888,0.014296,0.028888,0.058574,0.171667
6.0000,177,0.005564,0.011572,0.035428,0.064389,0.171278
6.5000,177,0.010405,0.016825,0.037782,0.058605,0.173640
7.0000,177,0.014944,0.022533,0.032759,0.062477,0.169433
7.5000,177,0.010148,0.017429,0.030698,0.056735,0.167208
8.0000,177,0.007194,0.017080,0.035152,0.057292,0.173756
8.5000,177,0.003999,0.011072,0.027659,0.056190,0.183405
9.0000,177,0.006716,0.024552,0.035867,0.068201,0.180676
9.5000,177,0.005533,0.018689,0.040132,0.061727,0.189008
10.0000,177,0.009060,0.014333,0.037771,0.068709,0.183031
10.5000,177,0.002584,0.010223,0.031529,0.063717,0.169657
11.0000,177,0.003439,0.016259,0.033047,0.064165,0.179635
11.5000,177,0.004428,0.014115,0.033494,0.062384,0.179438
12.0000,177,0.007229,0.019705,0.031858,0.058540,0.165658
12.5000,177,0.003838,0.017093,0.037469,0.066137,0.160504
13.0000,177,0.004432,0.015562,0.033402,0.066222,0.156028
13.5000,177,0.003797,0.007056,0.028462,0.057558,0.151013
14.0000,177,0.006843,0.024711,0.044910,0.064586,0.170425
14.5000,177,0.007473,0.014530,0.036046,0.058195,0.162693
15.0000,177,0.014256,0.011406,0.038049,0.063331,0.182474
0.0000,182,0.835616,0.872704,0.840707,0.785533,0.798370
0.5000,182,0.268647,0.301066,0.392774,0.420523,0.731866
1.0000,182,0.057883,0.076138,0.134349,0.182012,0.595076
1.5000,182,0.022788,0.032751,0.073857,0.110164,0.386571
2.0000,182,0.013395,0.024803,0.051161,0.089103,0.264087
2.5000,182,0.010318,0.021300,0.050356,0.091195,0.231613
3.0000,182,0.006497,0.017497,0.037981,0.077043,0.199932
3.5000,182,0.002691,0.012501,0.033880,0.060758,0.191876
4.0000,182,0.006663,0.014070,0.026684,0.057816,0.171483
4.5000,182,0.006434,0.015702,0.028598,0.055866,0.166755
5.0000,182,0.005757,0.015007,0.029108,0.054212,0.183999
5.5000,182,0.005418,0.014441,0.041336,0.069064,0.187700
6.0000,182,0.006476,0.015096,0.041976,0.071772,0.201444
6.5000,182,0.001900,0.006514,0.031873,0.060191,0.186666
7.0000,182,0.005290,0.012019,0.035718,0.056062,0.164809
7.5000,182,0.004891,0.012704,0.031132,0.052880,0.143887
8.0000,182,0.003991,0.007687,0.028263,0.042897,0.138290
8.5000,182,0.003164,0.010402,0.026619,0.049864,0.155310
9.0000,182,0.002776,0.007373,0.024929,0.060095,0.181921
9.5000,182,0.012939,0.028609,0.045441,0.073155,0.205411
10.0000,182,0.019273,0.028647,0.054115,0.091367,0.196187
10.5000,182,0.006306,0.007759,0.031185,0.074559,0.176593
11.0000,182,0.005053,0.010629,0.031448,0.059027,0.167861
11.5000,182,0.006253,0.017201,0.041637,0.061857,0.160969
12.0000,182,0.006036,0.004872,0.032475,0.063315,0.161933
12.5000,182,0.003130,0.011227,0.026569,0.054153,0.164390
13.0000,182,0.002711,0.008057,0.027185,0.050230,0.158732
13.5000,182,0.003070,0.016455,0.031811,0.052055,0.145541
14.0000,182,0.002859,0.005624,0.030858,0.058737,0.131462
14.5000,182,0.002418,0.010180,0.029548,0.046719,0.132386
15.0000,182,0.001637,0.005686,0.017657,0.033848,0.160669
0.0000,184,0.864286,0.845847,0.861634,0.817952,0.831034
0.5000,184,0.238408,0.279913,0.393870,0.433694,0.764297
1.0000,184,0.045718,0.058827,0.113296,0.165291,0.642764
1.5000,184,0.014009,0.028026,0.059571,0.098621,0.400701
2.0000,184,0.013657,0.027368,0.045038,0.083217,0.260383
2.5000,184,0.007475,0.016793,0.028585,0.064330,0.221574
3.0000,184,0.007358,0.010649,0.033747,0.063640,0.208637
3.5000,184,0.007731,0.017503,0.045808,0.068471,0.212225
4.0000,184,0.016372,0.030268,0.049677,0.080801,0.205333
4.5000,184,0.009860,0.026518,0.044946,0.065962,0.193362
5.0000,184,0.010570,0.020785,0.045054,0.072810,0.192196
5.5000,184,0.007904,0.016550,0.046783,0.074229,0.190963
6.0000,184,0.009216,0.022297,0.040268,0.073156,0.167948
6.5000,184,0.009856,0.017667,0.044145,0.066160,0.160231
7.0000,184,0.012156,0.016672,0.032403,0.053211,0.157602
7.5000,184,0.009194,0.014423,0.035740,0.065148,0.156869
8.0000,184,0.009986,0.020422,0.035648,0.064758,0.152561
8.5000,184,0.008112,0.012768,0.019811,0.047080,0.142455
9.0000,184,0.008460,0.013764,0.023055,0.044209,0.141526
9.5000,184,0.012700,0.020015,0.022405,0.045384,0.129345
10.0000,184,0.012984,0.017833,0.038827,0.055726,0.135029
10.5000,184,0.009851,0.023332,0.031404,0.051682,0.146012
11.0000,184,0.004357,0.010257,0.028681,0.047741,0.149731
11.5000,184,0.001317,0.003924,0.023803,0.048391,0.140093
12.0000,184,0.004559,0.009920,0.028047,0.056456,0.142924
12.5000,184,0.002428,0.009752,0.022885,0.054523,0.149151
13.0000,184,0.002859,0.006885,0.025834,0.048154,0.149888
13.5000,184,0.003699,0.008948,0.028265,0.044576,0.156218
14.0000,184,0.009106,0.021655,0.032462,0.047525,0.158197
14.5000,184,0.006244,0.012183,0.028892,0.052363,0.147576
15.0000,184,0.006647,0.012579,0.032499,0.055136,0.134783
0.0000,215,0.881944,0.854963,0.816017,0.775511,0.794744
0.5000,215,0.257583,0.296276,0.429795,0.478050,0.748089
1.0000,215,0.074391,0.095472,0.163909,0.224851,0.612805
1.5000,215,0.038642,0.066496,0.102352,0.143898,0.426668
2.0000,215,0.028393,0.041615,0.069039,0.104958,0.289063
2.5000,215,0.024625,0.037395,0.054068,0.088957,0.250270
3.0000,215,0.009555,0.013603,0.034140,0.061265,0.212806
3.5000,215,0.007353,0.013090,0.022319,0.056859,0.202944
4.0000,215,0.009622,0.024317,0.035889,0.069116,0.213768
4.5000,215,0.008850,0.026157,0.048005,0.086860,0.206014
5.0000,215,0.007294,0.016887,0.032367,0.066806,0.193241
5.5000,215,0.007156,0.021837,0.043917,0.077216,0.200676
6.0000,215,0.007078,0.014967,0.055009,0.085728,0.204331
6.5000,215,0.006629,0.025287,0.040553,0.066764,0.186083
7.0000,215,0.003767,0.020393,0.031853,0.045337,0.178434
7.5000,215,0.006779,0.019015,0.031610,0.055405,0.164017
8.0000,215,0.006815,0.013973,0.029060,0.054244,0.157868
8.5000,215,0.004407,0.010722,0.026489,0.061832,0.158143
9.0000,215,0.005554,0.008805,0.027048,0.067530,0.149446
9.5000,215,0.005784,0.010777,0.026525,0.064666,0.130084
10.0000,215,0.007721,0.014444,0.034289,0.071804,0.145934
10.5000,215,0.006167,0.014019,0.031878,0.055481,0.139323
11.0000,215,0.006917,0.015680,0.026407,0.045886,0.139660
11.5000,215,0.006239,0.013608,0.022455,0.042211,0.151411
12.0000,215,0.006771,0.011056,0.024210,0.052386,0.152548
12.5000,215,0.005394,0.012877,0.034438,0.063723,0.153372
13.0000,215,0.004126,0.014702,0.033773,0.062876,0.155826
13.5000,215,0.007639,0.012592,0.031483,0.058059,0.169077
14.0000,215,0.010522,0.022086,0.047625,0.069800,0.166988
14.5000,215,0.004897,0.014555,0.039104,0.058392,0.160982
15.0000,215,0.005281,0.010392,0.035787,0.061195,0.171137
0.0000,238,0.850000,0.787956,0.813174,0.765270,0.785467
0.5000,238,0.282236,0.322187,0.402186,0.428248,0.744265
1.0000,238,0.052347,0.066891,0.130953,0.201221,0.636089
1.5000,238,0.030720,0.039954,0.082144,0.137422,0.458585
2.0000,238,0.013446,0.020788,0.056193,0.104053,0.306239
2.5000,238,0.005397,0.008883,0.037726,0.070480,0.240679
3.0000,238,0.005298,0.012461,0.042208,0.074639,0.228111
3.5000,238,0.003682,0.014977,0.047074,0.083552,0.200536
4.0000,238,0.002731,0.015502,0.049141,0.081665,0.168878
4.5000,238,0.003191,0.009129,0.034625,0.062299,0.176220
5.0000,238,0.003283,0.009194,0.030411,0.054514,0.180072
5.5000,238,0.004440,0.012660,0.040494,0.065794,0.169069
6.0000,238,0.016747,0.018366,0.055214,0.079505,0.178580
6.5000,238,0.006044,0.014082,0.034658,0.070756,0.180499
7.0000,238,0.005417,0.012090,0.022968,0.058186,0.171912
7.5000,238,0.004144,0.006602,0.019766,0.044194,0.166013
8.0000,238,0.002055,0.005229,0.023449,0.044224,0.147331
8.5000,238,0.011141,0.014674,0.038367,0.062378,0.145874
9.0000,238,0.005914,0.014396,0.038704,0.059801,0.161812
9.5000,238,0.003146,0.012287,0.023585,0.046916,0.169321
10.0000,238,0.001444,0.009094,0.016062,0.038232,0.187784
10.5000,238,0.003115,0.013129,0.027218,0.053436,0.180910
11.0000,238,0.009686,0.017463,0.037903,0.072517,0.188132
11.5000,238,0.007492,0.023596,0.044044,0.072082,0.182951
12.0000,238,0.011704,0.025147,0.045840,0.073962,0.160184
12.5000,238,0.004139,0.019888,0.037494,0.058531,0.157521
13.0000,238,0.003734,0.011347,0.026879,0.049779,0.170578
13.5000,238,0.003359,0.005958,0.022891,0.053624,0.176568
14.0000,238,0.003184,0.009437,0.030733,0.064220,0.170652
14.5000,238,0.003836,0.021336,0.038766,0.074996,0.159602
15.0000,238,0.003915,0.015479,0.029507,0.065381,0.170142
0.0000,247,0.814286,0.831045,0.768751,0.714477,0.734911
0.5000,247,0.255726,0.320511,0.391134,0.427064,0.695039
1.0000,247,0.060072,0.081100,0.113504,0.174407,0.565499
1.5000,247,0.025661,0.040435,0.072549,0.116379,0.416841
2.0000,247,0.016115,0.027385,0.061130,0.098888,0.262808
2.5000,247,0.009693,0.017551,0.034866,0.067448,0.209817
3.0000,247,0.009125,0.021110,0.054158,0.098729,0.202076
3.5000,247,0.004738,0.011093,0.037316,0.073993,0.188290
4.0000,247,0.003621,0.008633,0.025035,0.065530,0.197039
4.5000,247,0.006220,0.021866,0.034137,0.055635,0.186534
5.0000,247,0.004203,0.008916,0.035635,0.055837,0.179591
5.5000,247,0.005550,0.018264,0.041395,0.067575,0.170700
6.0000,247,0.002771,0.012138,0.030105,0.064101,0.174915
6.5000,247,0.003335,0.010572,0.028677,0.057229,0.184466
7.0000,247,0.006796,0.016061,0.036216,0.054276,0.165023
7.5000,247,0.010396,0.021811,0.035816,0.052342,0.146498
8.0000,247,0.008615,0.017826,0.034036,0.055432,0.144632
8.5000,247,0.009236,0.019777,0.038825,0.063621,0.150227
9.0000,247,0.009050,0.015287,0.032072,0.059734,0.152730
9.5000,247,0.001190,0.008629,0.028180,0.053433,0.161089
10.0000,247,0.002390,0.011753,0.019878,0.043331,0.152176
10.5000,247,0.006727,0.009093,0.023210,0.052006,0.149108
11.0000,247,0.003798,0.009354,0.017326,0.049576,0.159573
11.5000,247,0.005873,0.019046,0.037208,0.068605,0.176090
12.0000,247,0.005851,0.017108,0.034814,0.069009,0.168008
12.5000,247,0.004674,0.015046,0.046832,0.074936,0.174821
13.0000,247,0.006580,0.014607,0.031845,0.065748,0.178103
13.5000,247,0.007537,0.015580,0.027629,0.054299,0.175754
14.0000,247,0.003227,0.014880,0.042421,0.071311,0.167130
14.5000,247,0.005796,0.012896,0.031571,0.060643,0.153854
15.0000,247,0.004727,0.013789,0.027999,0.059205,0.167535
0.0000,296,0.831081,0.856909,0.819907,0.742510,0.769692
0.5000,296,0.316572,0.335743,0.442477,0.469899,0.736120
1.0000,296,0.065705,0.081348,0.134722,0.190540,0.643530
1.5000,296,0.024134,0.032193,0.061569,0.101225,0.436486
2.0000,296,0.011846,0.022934,0.043176,0.075059,0.298105
2.5000,296,0.012467,0.027807,0.049162,0.074609,0.248892
3.0000,296,0.010246,0.019594,0.040159,0.070518,0.213937
3.5000,296,0.007630,0.015650,0.043230,0.078099,0.204069
4.0000,296,0.005043,0.014513,0.047011,0.076593,0.203036
4.5000,296,0.005050,0.019222,0.046951,0.071153,0.195158
5.0000,296,0.011224,0.023229,0.051716,0.081674,0.187055
5.5000,296,0.012056,0.029146,0.054290,0.075242,0.199355
6.0000,296,0.007247,0.016498,0.040752,0.069621,0.191136
6.5000,296,0.004530,0.016340,0.037316,0.069291,0.201831
7.0000,296,0.003756,0.017511,0.044804,0.080115,0.191017
7.5000,296,0.004742,0.016157,0.033879,0.069850,0.196819
8.0000,296,0.013535,0.027740,0.045735,0.078856,0.225416
8.5000,296,0.009707,0.020248,0.048866,0.072567,0.208713
9.0000,296,0.007796,0.021873,0.040211,0.079219,0.205642
9.5000,296,0.010157,0.018662,0.041667,0.089859,0.197833
10.0000,296,0.008146,0.015311,0.035221,0.073406,0.207737
10.5000,296,0.014211,0.027011,0.043559,0.077762,0.202341
11.0000,296,0.009035,0.022869,0.033741,0.075333,0.193356
11.5000,296,0.001372,0.008966,0.025428,0.068522,0.203624
12.0000,296,0.003018,0.011780,0.025631,0.055714,0.195062
12.5000,296,0.006979,0.015002,0.036178,0.075178,0.185800
13.0000,296,0.002929,0.008379,0.026869,0.066481,0.163176
13.5000,296,0.003212,0.007653,0.018533,0.059900,0.165301
14.0000,296,0.005413,0.005526,0.019949,0.055656,0.172452
14.5000,296,0.004703,0.010563,0.030471,0.063812,0.158801
15.0000,296,0.006795,0.021920,0.041566,0.063862,0.166140
0.0000,307,0.807143,0.658295,0.766455,0.714473,0.763412
0.5000,307,0.213708,0.208087,0.369429,0.413926,0.694584
1.0000,307,0.029742,0.053220,0.106288,0.167632,0.600729
1.5000,307,0.019179,0.027922,0.066598,0.118353,0.396765
2.0000,307,0.018031,0.025732,0.049711,0.080452,0.251077
2.5000,307,0.010731,0.012790,0.037232,0.067299,0.209037
3.0000,307,0.012262,0.015001,0.041077,0.077176,0.192601
3.5000,307,0.013712,0.019911,0.047632,0.072924,0.178037
4.0000,307,0.013477,0.016561,0.033332,0.060221,0.179589
4.5000,307,0.018710,0.018010,0.040659,0.066124,0.176027
5.0000,307,0.015852,0.023512,0.043418,0.079282,0.191938
5.5000,307,0.020739,0.035440,0.057628,0.083725,0.197301
6.0000,307,0.016069,0.033452,0.065378,0.096801,0.198538
6.5000,307,0.014842,0.026577,0.059084,0.079313,0.208890
7.0000,307,0.015200,0.023650,0.051353,0.075812,0.202572
7.5000,307,0.009236,0.018500,0.048429,0.079178,0.200043
8.0000,307,0.005353,0.020864,0.042883,0.076366,0.195226
8.5000,307,0.005823,0.020779,0.042425,0.071618,0.198981
9.0000,307,0.006963,0.013978,0.042310,0.078037,0.189521
9.5000,307,0.009854,0.020017,0.052615,0.089157,0.202529
10.0000,307,0.006007,0.022512,0.052702,0.089184,0.208468
10.5000,307,0.006324,0.017751,0.043136,0.080710,0.195032
11.0000,307,0.004757,0.011725,0.037628,0.076509,0.202990
11.5000,307,0.005881,0.015842,0.035175,0.069775,0.200452
12.0000,307,0.010392,0.020191,0.044360,0.066165,0.190908
12.5000,307,0.004394,0.019621,0.049178,0.075652,0.179794
13.0000,307,0.007365,0.035162,0.056403,0.076277,0.180897
13.5000,307,0.011799,0.030735,0.049295,0.077042,0.206517
14.0000,307,0.006039,0.023146,0.048529,0.079979,0.233617
14.5000,307,0.006380,0.024272,0.048855,0.087874,0.224763
15.0000,307,0.005325,0.013677,0.035948,0.075323,0.216772
0.0000,332,0.871429,0.841940,0.858633,0.792014,0.804902
0.5000,332,0.274016,0.295943,0.411007,0.446904,0.746212
1.0000,332,0.071660,0.086641,0.130513,0.173989,0.626495
1.5000,332,0.024132,0.045674,0.062813,0.091449,0.388687
2.0000,332,0.009026,0.022043,0.044378,0.078883,0.256210
2.5000,332,0.009510,0.017602,0.043883,0.069069,0.217208
3.0000,332,0.012190,0.021700,0.039160,0.070564,0.214262
3.5000,332,0.008568,0.018401,0.031239,0.071641,0.198879
4.0000,332,0.007833,0.014949,0.044661,0.082909,0.184399
4.5000,332,0.012503,0.018280,0.044332,0.076580,0.190032
5.0000,332,0.008989,0.024371,0.047575,0.079107,0.192723
5.5000,332,0.006468,0.019751,0.044497,0.086870,0.183841
6.0000,332,0.008823,0.019310,0.041464,0.067558,0.166975
6.5000,332,0.006536,0.014115,0.036923,0.051453,0.162913
7.0000,332,0.002396,0.012929,0.027957,0.041129,0.143284
7.5000,332,0.003185,0.011327,0.040048,0.065633,0.146488
8.0000,332,0.007362,0.022810,0.042744,0.067851,0.142903
8.5000,332,0.002522,0.007120,0.024166,0.039226,0.147415
9.0000,332,0.003746,0.009427,0.020461,0.037838,0.148643
9.5000,332,0.007142,0.014948,0.033201,0.056912,0.149912
10.0000,332,0.004073,0.017007,0.041188,0.067548,0.159274
10.5000,332,0.003580,0.005164,0.023871,0.046894,0.158547
11.0000,332,0.002358,0.005097,0.028334,0.057469,0.169676
11.5000,332,0.005007,0.014417,0.041012,0.069577,0.164457
12.0000,332,0.005934,0.016829,0.037315,0.061078,0.166086
12.5000,332,0.005030,0.010300,0.024077,0.061691,0.183529
13.0000,332,0.005791,0.011355,0.032191,0.066147,0.155431
13.5000,332,0.007866,0.016402,0.031106,0.058119,0.151925
14.0000,332,0.007947,0.020868,0.043483,0.060943,0.162699
14.5000,332,0.006911,0.015578,0.050025,0.070721,0.160897
15.0000,332,0.010390,0.025575,0.053576,0.071008,0.169096
0.0000,349,0.720000,0.777707,0.769010,0.682595,0.722249
0.5000,349,0.254702,0.295213,0.380477,0.398088,0.665020
1.0000,349,0.043471,0.059187,0.105024,0.161100,0.540036
1.5000,349,0.022747,0.032318,0.060243,0.106676,0.364492
2.0000,349,0.019579,0.036795,0.057934,0.095199,0.258465
2.5000,349,0.023713,0.037723,0.058404,0.085120,0.215241
3.0000,349,0.022079,0.037470,0.055045,0.087099,0.191593
3.5000,349,0.018458,0.029088,0.038294,0.057368,0.177075
4.0000,349,0.016725,0.024293,0.037770,0.052991,0.175859
4.5000,349,0.017801,0.030798,0.041431,0.060705,0.151546
5.0000,349,0.015025,0.024733,0.039763,0.055871,0.146231
5.5000,349,0.013484,0.025379,0.042338,0.056633,0.157333
6.0000,349,0.017424,0.032355,0.043564,0.059376,0.150322
6.5000,349,0.016862,0.026359,0.036725,0.054791,0.159192
7.0000,349,0.018176,0.031830,0.043905,0.059840,0.172450
7.5000,349,0.017773,0.025159,0.053033,0.081661,0.184765
8.0000,349,0.016559,0.030277,0.058768,0.082262,0.174375
8.5000,349,0.018325,0.031639,0.059298,0.076913,0.173036
9.0000,349,0.016695,0.025240,0.041009,0.062227,0.172922
9.5000,349,0.011998,0.023144,0.040912,0.064236,0.177913
10.0000,349,0.017873,0.026158,0.039898,0.064083,0.161530
10.5000,349,0.021443,0.022144,0.050529,0.072688,0.162658
11.0000,349,0.011927,0.014685,0.033434,0.048235,0.147928
11.5000,349,0.008506,0.010372,0.025513,0.044846,0.146084
12.0000,349,0.006383,0.010888,0.022077,0.043779,0.140451
12.5000,349,0.009695,0.020260,0.030640,0.053462,0.141428
13.0000,349,0.007505,0.015910,0.028314,0.054817,0.151260
13.5000,349,0.006445,0.011951,0.024011,0.054730,0.156551
14.0000,349,0.005775,0.009900,0.026972,0.054906,0.153373
14.5000,349,0.010080,0.015317,0.027859,0.055414,0.140274
15.0000,349,0.010209,0.014046,0.022655,0.043099,0.138965
0.0000,452,0.864865,0.806679,0.813424,0.730487,0.752999
0.5000,452,0.249293,0.284769,0.385427,0.402012,0.697056
1.0000,452,0.034750,0.044551,0.100408,0.156796,0.580405
1.5000,452,0.015090,0.028875,0.063756,0.101143,0.391581
2.0000,452,0.014236,0.030482,0.049214,0.079810,0.238059
2.5000,452,0.010656,0.020732,0.041274,0.069230,0.205607
3.0000,452,0.008773,0.022690,0.046572,0.082417,0.190094
3.5000,452,0.006720,0.022470,0.050965,0.082499,0.204541
4.0000,452,0.007917,0.029667,0.047317,0.076579,0.203825
4.5000,452,0.006830,0.014337,0.037540,0.071199,0.183170
5.0000,452,0.005359,0.009364,0.029520,0.061429,0.182273
5.5000,452,0.002914,0.005606,0.026133,0.047327,0.182859
6.0000,452,0.005515,0.013317,0.034705,0.052964,0.173579
6.5000,452,0.010596,0.022496,0.046611,0.066618,0.190714
7.0000,452,0.009512,0.018019,0.041067,0.064452,0.184374
7.5000,452,0.006672,0.014994,0.036216,0.061156,0.178629
8.0000,452,0.009935,0.018234,0.042394,0.071780,0.174901
8.5000,452,0.005435,0.011658,0.033869,0.054945,0.167157
9.0000,452,0.006524,0.015204,0.037697,0.059479,0.172555
9.5000,452,0.003910,0.015880,0.045979,0.069755,0.178225
10.0000,452,0.006415,0.015590,0.037793,0.058133,0.170377
10.5000,452,0.005092,0.013044,0.026246,0.059536,0.171096
11.0000,452,0.003980,0.013971,0.033841,0.070861,0.157734
11.5000,452,0.005942,0.015129,0.030836,0.063485,0.158141
12.0000,452,0.003084,0.010879,0.027650,0.062130,0.159772
12.5000,452,0.004760,0.008241,0.025899,0.056798,0.155843
13.0000,452,0.001250,0.002574,0.027639,0.059416,0.159093
13.5000,452,0.006421,0.016091,0.033708,0.063043,0.145810
14.0000,452,0.007499,0.020711,0.033405,0.054938,0.143930
14.5000,452,0.005880,0.015719,0.025290,0.040235,0.137797
15.0000,452,0.006321,0.015546,0.029942,0.046328,0.139684
0.0000,471,0.916677,0.740678,0.851919,0.836567,0.851999
0.5000,471,0.259340,0.260295,0.430657,0.494911,0.778581
1.0000,471,0.049125,0.064439,0.143964,0.196514,0.645430
1.5000,471,0.039890,0.049731,0.097192,0.143004,0.449924
2.0000,471,0.024577,0.035265,0.073831,0.108574,0.297641
2.5000,471,0.022640,0.034025,0.071243,0.112899,0.254595
3.0000,471,0.026481,0.033677,0.064462,0.102951,0.227518
3.5000,471,0.012910,0.019252,0.047574,0.084372,0.219741
4.0000,471,0.009351,0.023132,0.041634,0.078601,0.228963
4.5000,471,0.008839,0.021353,0.044042,0.074585,0.201794
5.0000,471,0.010927,0.024907,0.045469,0.076627,0.188147
5.5000,471,0.009722,0.018185,0.045334,0.076765,0.197048
6.0000,471,0.008348,0.016781,0.033421,0.067615,0.205180
6.5000,471,0.011653,0.013471,0.037773,0.068507,0.193076
7.0000,471,0.011083,0.013482,0.035038,0.075877,0.182604
7.5000,471,0.015421,0.021842,0.043699,0.084303,0.179079
8.0000,471,0.017649,0.023886,0.037603,0.070407,0.180090
8.5000,471,0.009529,0.017665,0.033010,0.061487,0.174167
9.0000,471,0.007552,0.015058,0.033973,0.062926,0.167426
9.5000,471,0.008345,0.017061,0.040605,0.069619,0.189308
10.0000,471,0.011204,0.027293,0.049014,0.074697,0.209243
10.5000,471,0.011042,0.032101,0.051868,0.074089,0.220569
11.0000,471,0.007745,0.016500,0.047057,0.078714,0.197608
11.5000,471,0.011084,0.022817,0.056280,0.088839,0.190491
12.0000,471,0.005447,0.013806,0.040570,0.068099,0.188963
12.5000,471,0.003680,0.015343,0.034701,0.067386,0.193528
13.0000,471,0.010524,0.024341,0.054546,0.084470,0.187247
13.5000,471,0.015266,0.028495,0.056714,0.082635,0.190839
14.0000,471,0.013039,0.029185,0.053739,0.076492,0.190211
14.5000,471,0.014306,0.025698,0.049648,0.071144,0.179865
15.0000,471,0.007048,0.014127,0.035453,0.064579,0.189871
0.0000,477,0.888889,0.825857,0.817499,0.728895,0.752945
0.5000,477,0.277633,0.317017,0.434349,0.442379,0.698805
1.0000,477,0.056328,0.084236,0.134137,0.182310,0.594949
1.5000,477,0.028667,0.042986,0.067392,0.093759,0.434866
2.0000,477,0.019830,0.034130,0.052133,0.076485,0.289557
2.5000,477,0.019482,0.029643,0.059987,0.085079,0.231100
3.0000,477,0.014385,0.022967,0.046899,0.080265,0.218414
3.5000,477,0.007012,0.018579,0.033989,0.063714,0.209323
4.0000,477,0.011825,0.021031,0.043236,0.068253,0.197677
4.5000,477,0.012017,0.025411,0.049270,0.071543,0.197547
5.0000,477,0.014645,0.021091,0.050781,0.085430,0.198445
5.5000,477,0.019251,0.027814,0.052023,0.087475,0.182060
6.0000,477,0.017187,0.021401,0.049507,0.080794,0.185874
6.5000,477,0.016202,0.022391,0.044663,0.078111,0.192034
7.0000,477,0.012298,0.020510,0.039859,0.069491,0.208195
7.5000,477,0.008802,0.016843,0.041298,0.070367,0.197983
8.0000,477,0.007430,0.012648,0.036774,0.065218,0.192784
8.5000,477,0.005481,0.016695,0.040034,0.084026,0.197309
9.0000,477,0.009576,0.016676,0.040188,0.075504,0.194792
9.5000,477,0.009197,0.022028,0.033741,0.074895,0.194306
10.0000,477,0.004773,0.016304,0.039138,0.076484,0.196422
10.5000,477,0.006284,0.023506,0.049041,0.081563,0.191577
11.0000,477,0.003645,0.014458,0.032638,0.070774,0.200918
11.5000,477,0.002207,0.011743,0.036050,0.067477,0.196959
12.0000,477,0.002860,0.013860,0.034042,0.066878,0.186467
12.5000,477,0.008905,0.019174,0.037752,0.076794,0.182959
13.0000,477,0.010447,0.021120,0.044468,0.085308,0.189622
13.5000,477,0.012669,0.020629,0.041514,0.073727,0.200403
14.0000,477,0.010494,0.022720,0.047701,0.076438,0.202029
14.5000,477,0.008604,0.020572,0.046524,0.083818,0.218922
15.0000,477,0.006879,0.032584,0.051017,0.094727,0.213617
